CREATE TABLE t1 (f1 INTEGER PRIMARY KEY) Engine=InnoDB;
SET SESSION wsrep_OSU_method = "RSU";
ALTER TABLE t1 ADD COLUMN f2 INTEGER;
SELECT COUNT(*) = 2 FROM INFORMATION_SCHEMA.COLUMNS WHERE TABLE_NAME = 't1';
COUNT(*) = 2
1
SELECT COUNT(*) = 1 FROM INFORMATION_SCHEMA.COLUMNS WHERE TABLE_NAME = 't1';
COUNT(*) = 1
1
INSERT INTO t1 VALUES (1);
SELECT COUNT(*) = 1 FROM t1;
COUNT(*) = 1
1
INSERT INTO t1 (f1) VALUES (2);
SELECT COUNT(*) = 1 FROM INFORMATION_SCHEMA.COLUMNS WHERE TABLE_NAME = 't1';
COUNT(*) = 1
1
SELECT COUNT(*) = 2 FROM t1;
COUNT(*) = 2
1
DROP TABLE t1;
CREATE TABLE t1(id INT PRIMARY KEY AUTO_INCREMENT, k INT);
INSERT INTO t1(k) VALUES (1),(2),(3),(101),(102),(103);
BEGIN;
UPDATE t1 SET k=k+1 WHERE id<100;
SET wsrep_OSU_method = RSU;
ALTER TABLE t1 ADD KEY(k);
COMMIT;
ERROR 40001: Deadlock found when trying to get lock; try restarting transaction
DROP TABLE t1;
CREATE TABLE t1(id INT PRIMARY KEY AUTO_INCREMENT, k INT);
INSERT INTO t1(k) VALUES (1),(2),(3),(101),(102),(103);
SET SESSION wsrep_on = OFF;
BEGIN;
UPDATE t1 SET k=k+1 WHERE id<100;
SET wsrep_OSU_method = RSU;
ALTER TABLE t1 ADD KEY(k);
COMMIT;
ERROR 40001: Deadlock found when trying to get lock; try restarting transaction
SET SESSION wsrep_on = ON;
DROP TABLE t1;
